<?xml version="1.0" encoding="UTF-8" standalone="yes"?>
<!--
    xHnT Kodi Repository 
    
-->
<installer>
    <!--
        Addons is a required container for a list of addon username and addon_id pairs.
        Each container requires both pairs.
    -->
    <addons>
        <addon>
            <addon_id>script.trakt</addon_id>
            <username>biglad</username>
        </addon>
		<addon>
            <addon_id>repository.exodusredux</addon_id>
            <username>i-a-c</username>
        </addon>
		<addon>
            <addon_id>plugin.video.exodusredux</addon_id>
            <username>i-a-c</username>
        </addon>
    </addons>
    <!--
        Configs is an optional container for a list of config files and destinations.
        This is not limited to config files; could include images, databases, etc.
        *** Be careful, this it will overwrite destinations. ***
        Each file is copied overwriting the distination.
        ./configs/test.xml will overwrite special://profile/addon_data/plugin.video.animaltv/test.xml
    -->
    <configs dir="configs">
        <config>
            <source>script.trakt/settings.xml</source>
            <destination>special://profile/addon_data/script.trakt</source>
        </config>
		<config>
            <source>plugin.video.exodusredux/settings.xml</source>
            <destination>special://profile/addon_data/plugin.video.exodusredux</source>
        </config>
    </configs>
    <!--
        Settings is an optional container for a list of addon settings key and value pairs.
    -->
    <settings>
       
    </settings>
    <!--
        Optionally issue a series of built-in commands.
        *** Be careful, know what you are doing here! ***
    -->
    <builtins>
        <command>ReloadSkin()</command>
    </builtins>
    <!--
        Optionally issue a series of JSONRPC commands.
        *** Be very careful, know what you are doing here! ***
    -->
    <jsonrpc>
        
    </jsonrpc>
</installer>
